query,page,clicks,impressions,position,date
luxury apartment dubai,/listings/luxury-apartments,30,4000,7.2,2026-06-09
buy apartment dubai marina,/listings/marina,12,1500,9.4,2026-06-09
apartment for sale dubai,/listings/luxury-apartments,8,1200,11.5,2026-06-10
acme realty reviews,/about,20,5000,2.1,2026-06-10
birth chart reading,/blog/birth-chart,50,2000,4.0,2026-06-09
free birth chart,/blog/birth-chart,40,2500,5.1,2026-06-10
saturn return calculator,,0,900,18.0,2026-06-10
saturn return meaning,,0,700,19.2,2026-06-11
luxury apartment dubai,/listings/luxury-apartments,18,3500,8.0,2026-06-02
birth chart reading,/blog/birth-chart,60,2100,3.6,2026-06-02
acme realty reviews,/about,22,4800,2.0,2026-06-03
